"REF_DATE","GEO","DGUID","Sex","Age group","UOM","UOM_ID","SCALAR_FACTOR","SCALAR_ID","VECTOR","COORDINATE","VALUE","STATUS","SYMBOL","TERMINATED","DECIMALS"
"2020","Newfoundland and Labrador","2016A000210","Both sexes","All ages","Persons","249","units","0","v466983","2.1.1","522103","","","","0"
"2020","Newfoundland and Labrador","2016A000210","Both sexes","0 to 4 years","Persons","249","units","0","v467199","2.1.7","20402","","","","0"
"2020","Newfoundland and Labrador","2016A000210","Both sexes","5 to 9 years","Persons","249","units","0","v467013","2.1.13","23376","","","","0"
"2020","Newfoundland and Labrador","2016A000210","Both sexes","10 to 14 years","Persons","249","units","0","v467031","2.1.19","26186","","","","0"
"2020","Newfoundland and Labrador","2016A000210","Both sexes","15 to 19 years","Persons","249","units","0","v467052","2.1.25","26994","","","","0"
"2020","Newfoundland and Labrador","2016A000210","Both sexes","20 to 24 years","Persons","249","units","0","v467073","2.1.31","28910","","","","0"
"2020","Newfoundland and Labrador","2016A000210","Both sexes","25 to 29 years","Persons","249","units","0","v467091","2.1.37","28076","","","","0"
"2020","Newfoundland and Labrador","2016A000210","Both sexes","30 to 34 years","Persons","249","units","0","v467112","2.1.43","28942","","","","0"
"2020","Newfoundland and Labrador","2016A000210","Both sexes","35 to 39 years","Persons","249","units","0","v467130","2.1.49","30151","","","","0"
"2020","Newfoundland and Labrador","2016A000210","Both sexes","40 to 44 years","Persons","249","units","0","v467151","2.1.55","31426","","","","0"
"2020","Newfoundland and Labrador","2016A000210","Both sexes","45 to 49 years","Persons","249","units","0","v467172","2.1.61","35754","","","","0"
"2020","Newfoundland and Labrador","2016A000210","Both sexes","50 to 54 years","Persons","249","units","0","v467190","2.1.67","40214","","","","0"
"2020","Newfoundland and Labrador","2016A000210","Both sexes","55 to 59 years","Persons","249","units","0","v467211","2.1.73","43105","","","","0"
"2020","Newfoundland and Labrador","2016A000210","Both sexes","60 to 64 years","Persons","249","units","0","v467229","2.1.79","42339","","","","0"
"2020","Newfoundland and Labrador","2016A000210","Both sexes","65 to 69 years","Persons","249","units","0","v467250","2.1.85","39718","","","","0"
"2020","Newfoundland and Labrador","2016A000210","Both sexes","70 to 74 years","Persons","249","units","0","v467253","2.1.86","33179","","","","0"
"2020","Newfoundland and Labrador","2016A000210","Both sexes","75 to 79 years","Persons","249","units","0","v467256","2.1.87","20458","","","","0"
"2020","Newfoundland and Labrador","2016A000210","Both sexes","80 to 84 years","Persons","249","units","0","v467259","2.1.88","12617","","","","0"
"2020","Newfoundland and Labrador","2016A000210","Both sexes","85 to 89 years","Persons","249","units","0","v467262","2.1.89","6662","","","","0"
"2020","Newfoundland and Labrador","2016A000210","Both sexes","90 to 94 years","Persons","249","units","0","v31226563","2.1.126","2715","","","","0"
"2020","Newfoundland and Labrador","2016A000210","Both sexes","95 to 99 years","Persons","249","units","0","v31226569","2.1.132","751","","","","0"
"2020","Newfoundland and Labrador","2016A000210","Both sexes","100 years and over","Persons","249","units","0","v31226575","2.1.138","128","","","","0"
"2020","Newfoundland and Labrador","2016A000210","Both sexes","Median age","Years","308","units","0","v467004","2.1.105","47.4","","","","1"
"2020","Prince Edward Island","2016A000211","Both sexes","All ages","Persons","249","units","0","v467298","3.1.1","159625","","","","0"
"2020","Prince Edward Island","2016A000211","Both sexes","0 to 4 years","Persons","249","units","0","v467514","3.1.7","7199","","","","0"
"2020","Prince Edward Island","2016A000211","Both sexes","5 to 9 years","Persons","249","units","0","v467328","3.1.13","8248","","","","0"
"2020","Prince Edward Island","2016A000211","Both sexes","10 to 14 years","Persons","249","units","0","v467346","3.1.19","8966","","","","0"
"2020","Prince Edward Island","2016A000211","Both sexes","15 to 19 years","Persons","249","units","0","v467367","3.1.25","9340","","","","0"
"2020","Prince Edward Island","2016A000211","Both sexes","20 to 24 years","Persons","249","units","0","v467388","3.1.31","11577","","","","0"
"2020","Prince Edward Island","2016A000211","Both sexes","25 to 29 years","Persons","249","units","0","v467406","3.1.37","10321","","","","0"
"2020","Prince Edward Island","2016A000211","Both sexes","30 to 34 years","Persons","249","units","0","v467427","3.1.43","9212","","","","0"
"2020","Prince Edward Island","2016A000211","Both sexes","35 to 39 years","Persons","249","units","0","v467445","3.1.49","9314","","","","0"
"2020","Prince Edward Island","2016A000211","Both sexes","40 to 44 years","Persons","249","units","0","v467466","3.1.55","9586","","","","0"
"2020","Prince Edward Island","2016A000211","Both sexes","45 to 49 years","Persons","249","units","0","v467487","3.1.61","10231","","","","0"
"2020","Prince Edward Island","2016A000211","Both sexes","50 to 54 years","Persons","249","units","0","v467505","3.1.67","10319","","","","0"
"2020","Prince Edward Island","2016A000211","Both sexes","55 to 59 years","Persons","249","units","0","v467526","3.1.73","12005","","","","0"
"2020","Prince Edward Island","2016A000211","Both sexes","60 to 64 years","Persons","249","units","0","v467544","3.1.79","11350","","","","0"
"2020","Prince Edward Island","2016A000211","Both sexes","65 to 69 years","Persons","249","units","0","v467565","3.1.85","10116","","","","0"
"2020","Prince Edward Island","2016A000211","Both sexes","70 to 74 years","Persons","249","units","0","v467568","3.1.86","9106","","","","0"
"2020","Prince Edward Island","2016A000211","Both sexes","75 to 79 years","Persons","249","units","0","v467571","3.1.87","5589","","","","0"
"2020","Prince Edward Island","2016A000211","Both sexes","80 to 84 years","Persons","249","units","0","v467574","3.1.88","3641","","","","0"
"2020","Prince Edward Island","2016A000211","Both sexes","85 to 89 years","Persons","249","units","0","v467577","3.1.89","2244","","","","0"
"2020","Prince Edward Island","2016A000211","Both sexes","90 to 94 years","Persons","249","units","0","v31226602","3.1.126","935","","","","0"
"2020","Prince Edward Island","2016A000211","Both sexes","95 to 99 years","Persons","249","units","0","v31226608","3.1.132","281","","","","0"
"2020","Prince Edward Island","2016A000211","Both sexes","100 years and over","Persons","249","units","0","v31226614","3.1.138","45","","","","0"
"2020","Prince Edward Island","2016A000211","Both sexes","Median age","Years","308","units","0","v467319","3.1.105","42.9","","","","1"
"2020","Nova Scotia","2016A000212","Both sexes","All ages","Persons","249","units","0","v467613","4.1.1","979351","","","","0"
"2020","Nova Scotia","2016A000212","Both sexes","0 to 4 years","Persons","249","units","0","v467829","4.1.7","42443","","","","0"
"2020","Nova Scotia","2016A000212","Both sexes","5 to 9 years","Persons","249","units","0","v467643","4.1.13","46177","","","","0"
"2020","Nova Scotia","2016A000212","Both sexes","10 to 14 years","Persons","249","units","0","v467661","4.1.19","48170","","","","0"
"2020","Nova Scotia","2016A000212","Both sexes","15 to 19 years","Persons","249","units","0","v467682","4.1.25","50776","","","","0"
"2020","Nova Scotia","2016A000212","Both sexes","20 to 24 years","Persons","249","units","0","v467703","4.1.31","61556","","","","0"
"2020","Nova Scotia","2016A000212","Both sexes","25 to 29 years","Persons","249","units","0","v467721","4.1.37","63359","","","","0"
"2020","Nova Scotia","2016A000212","Both sexes","30 to 34 years","Persons","249","units","0","v467742","4.1.43","61264","","","","0"
"2020","Nova Scotia","2016A000212","Both sexes","35 to 39 years","Persons","249","units","0","v467760","4.1.49","58683","","","","0"
"2020","Nova Scotia","2016A000212","Both sexes","40 to 44 years","Persons","249","units","0","v467781","4.1.55","56907","","","","0"
"2020","Nova Scotia","2016A000212","Both sexes","45 to 49 years","Persons","249","units","0","v467802","4.1.61","61194","","","","0"
"2020","Nova Scotia","2016A000212","Both sexes","50 to 54 years","Persons","249","units","0","v467820","4.1.67","65276","","","","0"
"2020","Nova Scotia","2016A000212","Both sexes","55 to 59 years","Persons","249","units","0","v467841","4.1.73","78780","","","","0"
"2020","Nova Scotia","2016A000212","Both sexes","60 to 64 years","Persons","249","units","0","v467859","4.1.79","75941","","","","0"
"2020","Nova Scotia","2016A000212","Both sexes","65 to 69 years","Persons","249","units","0","v467880","4.1.85","66676","","","","0"
"2020","Nova Scotia","2016A000212","Both sexes","70 to 74 years","Persons","249","units","0","v467883","4.1.86","57399","","","","0"
"2020","Nova Scotia","2016A000212","Both sexes","75 to 79 years","Persons","249","units","0","v467886","4.1.87","37734","","","","0"
"2020","Nova Scotia","2016A000212","Both sexes","80 to 84 years","Persons","249","units","0","v467889","4.1.88","24225","","","","0"
"2020","Nova Scotia","2016A000212","Both sexes","85 to 89 years","Persons","249","units","0","v467892","4.1.89","14184","","","","0"
"2020","Nova Scotia","2016A000212","Both sexes","90 to 94 years","Persons","249","units","0","v31226641","4.1.126","6318","","","","0"
"2020","Nova Scotia","2016A000212","Both sexes","95 to 99 years","Persons","249","units","0","v31226647","4.1.132","1930","","","","0"
"2020","Nova Scotia","2016A000212","Both sexes","100 years and over","Persons","249","units","0","v31226653","4.1.138","359","","","","0"
"2020","Nova Scotia","2016A000212","Both sexes","Median age","Years","308","units","0","v467634","4.1.105","45.0","","","","1"
"2020","New Brunswick","2016A000213","Both sexes","All ages","Persons","249","units","0","v467928","5.1.1","781476","","","","0"
"2020","New Brunswick","2016A000213","Both sexes","0 to 4 years","Persons","249","units","0","v468144","5.1.7","33582","","","","0"
"2020","New Brunswick","2016A000213","Both sexes","5 to 9 years","Persons","249","units","0","v467958","5.1.13","38199","","","","0"
"2020","New Brunswick","2016A000213","Both sexes","10 to 14 years","Persons","249","units","0","v467976","5.1.19","40354","","","","0"
"2020","New Brunswick","2016A000213","Both sexes","15 to 19 years","Persons","249","units","0","v467997","5.1.25","40662","","","","0"
"2020","New Brunswick","2016A000213","Both sexes","20 to 24 years","Persons","249","units","0","v468018","5.1.31","43490","","","","0"
"2020","New Brunswick","2016A000213","Both sexes","25 to 29 years","Persons","249","units","0","v468036","5.1.37","43981","","","","0"
"2020","New Brunswick","2016A000213","Both sexes","30 to 34 years","Persons","249","units","0","v468057","5.1.43","44703","","","","0"
"2020","New Brunswick","2016A000213","Both sexes","35 to 39 years","Persons","249","units","0","v468075","5.1.49","46655","","","","0"
"2020","New Brunswick","2016A000213","Both sexes","40 to 44 years","Persons","249","units","0","v468096","5.1.55","48179","","","","0"
"2020","New Brunswick","2016A000213","Both sexes","45 to 49 years","Persons","249","units","0","v468117","5.1.61","51551","","","","0"
"2020","New Brunswick","2016A000213","Both sexes","50 to 54 years","Persons","249","units","0","v468135","5.1.67","54044","","","","0"
"2020","New Brunswick","2016A000213","Both sexes","55 to 59 years","Persons","249","units","0","v468156","5.1.73","63300","","","","0"
"2020","New Brunswick","2016A000213","Both sexes","60 to 64 years","Persons","249","units","0","v468174","5.1.79","61514","","","","0"
"2020","New Brunswick","2016A000213","Both sexes","65 to 69 years","Persons","249","units","0","v468195","5.1.85","55477","","","","0"
"2020","New Brunswick","2016A000213","Both sexes","70 to 74 years","Persons","249","units","0","v468198","5.1.86","46962","","","","0"
"2020","New Brunswick","2016A000213","Both sexes","75 to 79 years","Persons","249","units","0","v468201","5.1.87","30462","","","","0"
"2020","New Brunswick","2016A000213","Both sexes","80 to 84 years","Persons","249","units","0","v468204","5.1.88","19475","","","","0"
"2020","New Brunswick","2016A000213","Both sexes","85 to 89 years","Persons","249","units","0","v468207","5.1.89","11705","","","","0"
"2020","New Brunswick","2016A000213","Both sexes","90 to 94 years","Persons","249","units","0","v31226680","5.1.126","5213","","","","0"
"2020","New Brunswick","2016A000213","Both sexes","95 to 99 years","Persons","249","units","0","v31226686","5.1.132","1704","","","","0"
"2020","New Brunswick","2016A000213","Both sexes","100 years and over","Persons","249","units","0","v31226692","5.1.138","264","","","","0"
"2020","New Brunswick","2016A000213","Both sexes","Median age","Years","308","units","0","v467949","5.1.105","46.1","","","","1"
"2020","Quebec","2016A000224","Both sexes","All ages","Persons","249","units","0","v468243","6.1.1","8574571","","","","0"
"2020","Quebec","2016A000224","Both sexes","0 to 4 years","Persons","249","units","0","v468459","6.1.7","430250","","","","0"
"2020","Quebec","2016A000224","Both sexes","5 to 9 years","Persons","249","units","0","v468273","6.1.13","465890","","","","0"
"2020","Quebec","2016A000224","Both sexes","10 to 14 years","Persons","249","units","0","v468291","6.1.19","457420","","","","0"
"2020","Quebec","2016A000224","Both sexes","15 to 19 years","Persons","249","units","0","v468312","6.1.25","426496","","","","0"
"2020","Quebec","2016A000224","Both sexes","20 to 24 years","Persons","249","units","0","v468333","6.1.31","499370","","","","0"
"2020","Quebec","2016A000224","Both sexes","25 to 29 years","Persons","249","units","0","v468351","6.1.37","564669","","","","0"
"2020","Quebec","2016A000224","Both sexes","30 to 34 years","Persons","249","units","0","v468372","6.1.43","548066","","","","0"
"2020","Quebec","2016A000224","Both sexes","35 to 39 years","Persons","249","units","0","v468390","6.1.49","578273","","","","0"
"2020","Quebec","2016A000224","Both sexes","40 to 44 years","Persons","249","units","0","v468411","6.1.55","581724","","","","0"
"2020","Quebec","2016A000224","Both sexes","45 to 49 years","Persons","249","units","0","v468432","6.1.61","527233","","","","0"
"2020","Quebec","2016A000224","Both sexes","50 to 54 years","Persons","249","units","0","v468450","6.1.67","546847","","","","0"
"2020","Quebec","2016A000224","Both sexes","55 to 59 years","Persons","249","units","0","v468471","6.1.73","637724","","","","0"
"2020","Quebec","2016A000224","Both sexes","60 to 64 years","Persons","249","units","0","v468489","6.1.79","619126","","","","0"
"2020","Quebec","2016A000224","Both sexes","65 to 69 years","Persons","249","units","0","v468510","6.1.85","529279","","","","0"
"2020","Quebec","2016A000224","Both sexes","70 to 74 years","Persons","249","units","0","v468513","6.1.86","440008","","","","0"
"2020","Quebec","2016A000224","Both sexes","75 to 79 years","Persons","249","units","0","v468516","6.1.87","313752","","","","0"
"2020","Quebec","2016A000224","Both sexes","80 to 84 years","Persons","249","units","0","v468519","6.1.88","198497","","","","0"
"2020","Quebec","2016A000224","Both sexes","85 to 89 years","Persons","249","units","0","v468522","6.1.89","128147","","","","0"
"2020","Quebec","2016A000224","Both sexes","90 to 94 years","Persons","249","units","0","v31226719","6.1.126","60879","","","","0"
"2020","Quebec","2016A000224","Both sexes","95 to 99 years","Persons","249","units","0","v31226725","6.1.132","18086","","","","0"
"2020","Quebec","2016A000224","Both sexes","100 years and over","Persons","249","units","0","v31226731","6.1.138","2835","","","","0"
"2020","Quebec","2016A000224","Both sexes","Median age","Years","308","units","0","v468264","6.1.105","42.7","","","","1"
"2020","Ontario","2016A000235","Both sexes","All ages","Persons","249","units","0","v468558","7.1.1","14734014","","","","0"
"2020","Ontario","2016A000235","Both sexes","0 to 4 years","Persons","249","units","0","v468774","7.1.7","723016","","","","0"
"2020","Ontario","2016A000235","Both sexes","5 to 9 years","Persons","249","units","0","v468588","7.1.13","762654","","","","0"
"2020","Ontario","2016A000235","Both sexes","10 to 14 years","Persons","249","units","0","v468606","7.1.19","792947","","","","0"
"2020","Ontario","2016A000235","Both sexes","15 to 19 years","Persons","249","units","0","v468627","7.1.25","852405","","","","0"
"2020","Ontario","2016A000235","Both sexes","20 to 24 years","Persons","249","units","0","v468648","7.1.31","1039661","","","","0"
"2020","Ontario","2016A000235","Both sexes","25 to 29 years","Persons","249","units","0","v468666","7.1.37","1077433","","","","0"
"2020","Ontario","2016A000235","Both sexes","30 to 34 years","Persons","249","units","0","v468687","7.1.43","1041952","","","","0"
"2020","Ontario","2016A000235","Both sexes","35 to 39 years","Persons","249","units","0","v468705","7.1.49","992844","","","","0"
"2020","Ontario","2016A000235","Both sexes","40 to 44 years","Persons","249","units","0","v468726","7.1.55","921378","","","","0"
"2020","Ontario","2016A000235","Both sexes","45 to 49 years","Persons","249","units","0","v468747","7.1.61","932058","","","","0"
"2020","Ontario","2016A000235","Both sexes","50 to 54 years","Persons","249","units","0","v468765","7.1.67","968546","","","","0"
"2020","Ontario","2016A000235","Both sexes","55 to 59 years","Persons","249","units","0","v468786","7.1.73","1073519","","","","0"
"2020","Ontario","2016A000235","Both sexes","60 to 64 years","Persons","249","units","0","v468804","7.1.79","961243","","","","0"
"2020","Ontario","2016A000235","Both sexes","65 to 69 years","Persons","249","units","0","v468825","7.1.85","803962","","","","0"
"2020","Ontario","2016A000235","Both sexes","70 to 74 years","Persons","249","units","0","v468828","7.1.86","673546","","","","0"
"2020","Ontario","2016A000235","Both sexes","75 to 79 years","Persons","249","units","0","v468831","7.1.87","461015","","","","0"
"2020","Ontario","2016A000235","Both sexes","80 to 84 years","Persons","249","units","0","v468834","7.1.88","319548","","","","0"
"2020","Ontario","2016A000235","Both sexes","85 to 89 years","Persons","249","units","0","v468837","7.1.89","204227","","","","0"
"2020","Ontario","2016A000235","Both sexes","90 to 94 years","Persons","249","units","0","v31226758","7.1.126","98638","","","","0"
"2020","Ontario","2016A000235","Both sexes","95 to 99 years","Persons","249","units","0","v31226764","7.1.132","29527","","","","0"
"2020","Ontario","2016A000235","Both sexes","100 years and over","Persons","249","units","0","v31226770","7.1.138","3895","","","","0"
"2020","Ontario","2016A000235","Both sexes","Median age","Years","308","units","0","v468579","7.1.105","40.4","","","","1"
"2020","Manitoba","2016A000246","Both sexes","All ages","Persons","249","units","0","v468873","8.1.1","1379263","","","","0"
"2020","Manitoba","2016A000246","Both sexes","0 to 4 years","Persons","249","units","0","v469089","8.1.7","85220","","","","0"
"2020","Manitoba","2016A000246","Both sexes","5 to 9 years","Persons","249","units","0","v468903","8.1.13","89507","","","","0"
"2020","Manitoba","2016A000246","Both sexes","10 to 14 years","Persons","249","units","0","v468921","8.1.19","86583","","","","0"
"2020","Manitoba","2016A000246","Both sexes","15 to 19 years","Persons","249","units","0","v468942","8.1.25","85808","","","","0"
"2020","Manitoba","2016A000246","Both sexes","20 to 24 years","Persons","249","units","0","v468963","8.1.31","96636","","","","0"
"2020","Manitoba","2016A000246","Both sexes","25 to 29 years","Persons","249","units","0","v468981","8.1.37","97157","","","","0"
"2020","Manitoba","2016A000246","Both sexes","30 to 34 years","Persons","249","units","0","v469002","8.1.43","98789","","","","0"
"2020","Manitoba","2016A000246","Both sexes","35 to 39 years","Persons","249","units","0","v469020","8.1.49","95203","","","","0"
"2020","Manitoba","2016A000246","Both sexes","40 to 44 years","Persons","249","units","0","v469041","8.1.55","86739","","","","0"
"2020","Manitoba","2016A000246","Both sexes","45 to 49 years","Persons","249","units","0","v469062","8.1.61","82541","","","","0"
"2020","Manitoba","2016A000246","Both sexes","50 to 54 years","Persons","249","units","0","v469080","8.1.67","80302","","","","0"
"2020","Manitoba","2016A000246","Both sexes","55 to 59 years","Persons","249","units","0","v469101","8.1.73","89949","","","","0"
"2020","Manitoba","2016A000246","Both sexes","60 to 64 years","Persons","249","units","0","v469119","8.1.79","83163","","","","0"
"2020","Manitoba","2016A000246","Both sexes","65 to 69 years","Persons","249","units","0","v469140","8.1.85","70981","","","","0"
"2020","Manitoba","2016A000246","Both sexes","70 to 74 years","Persons","249","units","0","v469143","8.1.86","57001","","","","0"
"2020","Manitoba","2016A000246","Both sexes","75 to 79 years","Persons","249","units","0","v469146","8.1.87","38329","","","","0"
"2020","Manitoba","2016A000246","Both sexes","80 to 84 years","Persons","249","units","0","v469149","8.1.88","25922","","","","0"
"2020","Manitoba","2016A000246","Both sexes","85 to 89 years","Persons","249","units","0","v469152","8.1.89","16952","","","","0"
"2020","Manitoba","2016A000246","Both sexes","90 to 94 years","Persons","249","units","0","v31226797","8.1.126","8968","","","","0"
"2020","Manitoba","2016A000246","Both sexes","95 to 99 years","Persons","249","units","0","v31226803","8.1.132","3010","","","","0"
"2020","Manitoba","2016A000246","Both sexes","100 years and over","Persons","249","units","0","v31226809","8.1.138","503","","","","0"
"2020","Manitoba","2016A000246","Both sexes","Median age","Years","308","units","0","v468894","8.1.105","37.6","","","","1"
"2020","Saskatchewan","2016A000247","Both sexes","All ages","Persons","249","units","0","v469188","9.1.1","1178681","","","","0"
"2020","Saskatchewan","2016A000247","Both sexes","0 to 4 years","Persons","249","units","0","v469404","9.1.7","75200","","","","0"
"2020","Saskatchewan","2016A000247","Both sexes","5 to 9 years","Persons","249","units","0","v469218","9.1.13","78696","","","","0"
"2020","Saskatchewan","2016A000247","Both sexes","10 to 14 years","Persons","249","units","0","v469236","9.1.19","76730","","","","0"
"2020","Saskatchewan","2016A000247","Both sexes","15 to 19 years","Persons","249","units","0","v469257","9.1.25","71304","","","","0"
"2020","Saskatchewan","2016A000247","Both sexes","20 to 24 years","Persons","249","units","0","v469278","9.1.31","75402","","","","0"
"2020","Saskatchewan","2016A000247","Both sexes","25 to 29 years","Persons","249","units","0","v469296","9.1.37","77488","","","","0"
"2020","Saskatchewan","2016A000247","Both sexes","30 to 34 years","Persons","249","units","0","v469317","9.1.43","85751","","","","0"
"2020","Saskatchewan","2016A000247","Both sexes","35 to 39 years","Persons","249","units","0","v469335","9.1.49","86664","","","","0"
"2020","Saskatchewan","2016A000247","Both sexes","40 to 44 years","Persons","249","units","0","v469356","9.1.55","76067","","","","0"
"2020","Saskatchewan","2016A000247","Both sexes","45 to 49 years","Persons","249","units","0","v469377","9.1.61","67397","","","","0"
"2020","Saskatchewan","2016A000247","Both sexes","50 to 54 years","Persons","249","units","0","v469395","9.1.67","65716","","","","0"
"2020","Saskatchewan","2016A000247","Both sexes","55 to 59 years","Persons","249","units","0","v469416","9.1.73","77024","","","","0"
"2020","Saskatchewan","2016A000247","Both sexes","60 to 64 years","Persons","249","units","0","v469434","9.1.79","74222","","","","0"
"2020","Saskatchewan","2016A000247","Both sexes","65 to 69 years","Persons","249","units","0","v469455","9.1.85","62071","","","","0"
"2020","Saskatchewan","2016A000247","Both sexes","70 to 74 years","Persons","249","units","0","v469458","9.1.86","46528","","","","0"
"2020","Saskatchewan","2016A000247","Both sexes","75 to 79 years","Persons","249","units","0","v469461","9.1.87","31910","","","","0"
"2020","Saskatchewan","2016A000247","Both sexes","80 to 84 years","Persons","249","units","0","v469464","9.1.88","22791","","","","0"
"2020","Saskatchewan","2016A000247","Both sexes","85 to 89 years","Persons","249","units","0","v469467","9.1.89","15931","","","","0"
"2020","Saskatchewan","2016A000247","Both sexes","90 to 94 years","Persons","249","units","0","v31226836","9.1.126","8492","","","","0"
"2020","Saskatchewan","2016A000247","Both sexes","95 to 99 years","Persons","249","units","0","v31226842","9.1.132","2773","","","","0"
"2020","Saskatchewan","2016A000247","Both sexes","100 years and over","Persons","249","units","0","v31226848","9.1.138","524","","","","0"
"2020","Saskatchewan","2016A000247","Both sexes","Median age","Years","308","units","0","v469209","9.1.105","37.8","","","","1"
"2020","Alberta","2016A000248","Both sexes","All ages","Persons","249","units","0","v469503","10.1.1","4421876","","","","0"
"2020","Alberta","2016A000248","Both sexes","0 to 4 years","Persons","249","units","0","v469719","10.1.7","269163","","","","0"
"2020","Alberta","2016A000248","Both sexes","5 to 9 years","Persons","249","units","0","v469533","10.1.13","277785","","","","0"
"2020","Alberta","2016A000248","Both sexes","10 to 14 years","Persons","249","units","0","v469551","10.1.19","276328","","","","0"
"2020","Alberta","2016A000248","Both sexes","15 to 19 years","Persons","249","units","0","v469572","10.1.25","256742","","","","0"
"2020","Alberta","2016A000248","Both sexes","20 to 24 years","Persons","249","units","0","v469593","10.1.31","277328","","","","0"
"2020","Alberta","2016A000248","Both sexes","25 to 29 years","Persons","249","units","0","v469611","10.1.37","314507","","","","0"
"2020","Alberta","2016A000248","Both sexes","30 to 34 years","Persons","249","units","0","v469632","10.1.43","356226","","","","0"
"2020","Alberta","2016A000248","Both sexes","35 to 39 years","Persons","249","units","0","v469650","10.1.49","359301","","","","0"
"2020","Alberta","2016A000248","Both sexes","40 to 44 years","Persons","249","units","0","v469671","10.1.55","319889","","","","0"
"2020","Alberta","2016A000248","Both sexes","45 to 49 years","Persons","249","units","0","v469692","10.1.61","288546","","","","0"
"2020","Alberta","2016A000248","Both sexes","50 to 54 years","Persons","249","units","0","v469710","10.1.67","266489","","","","0"
"2020","Alberta","2016A000248","Both sexes","55 to 59 years","Persons","249","units","0","v469731","10.1.73","284259","","","","0"
"2020","Alberta","2016A000248","Both sexes","60 to 64 years","Persons","249","units","0","v469749","10.1.79","264339","","","","0"
"2020","Alberta","2016A000248","Both sexes","65 to 69 years","Persons","249","units","0","v469770","10.1.85","210073","","","","0"
"2020","Alberta","2016A000248","Both sexes","70 to 74 years","Persons","249","units","0","v469773","10.1.86","157657","","","","0"
"2020","Alberta","2016A000248","Both sexes","75 to 79 years","Persons","249","units","0","v469776","10.1.87","102977","","","","0"
"2020","Alberta","2016A000248","Both sexes","80 to 84 years","Persons","249","units","0","v469779","10.1.88","68565","","","","0"
"2020","Alberta","2016A000248","Both sexes","85 to 89 years","Persons","249","units","0","v469782","10.1.89","44033","","","","0"
"2020","Alberta","2016A000248","Both sexes","90 to 94 years","Persons","249","units","0","v31226875","10.1.126","20921","","","","0"
"2020","Alberta","2016A000248","Both sexes","95 to 99 years","Persons","249","units","0","v31226881","10.1.132","5746","","","","0"
"2020","Alberta","2016A000248","Both sexes","100 years and over","Persons","249","units","0","v31226887","10.1.138","1002","","","","0"
"2020","Alberta","2016A000248","Both sexes","Median age","Years","308","units","0","v469524","10.1.105","37.5","","","","1"
"2020","British Columbia","2016A000259","Both sexes","All ages","Persons","249","units","0","v469818","11.1.1","5147712","","","","0"
"2020","British Columbia","2016A000259","Both sexes","0 to 4 years","Persons","249","units","0","v470034","11.1.7","225897","","","","0"
"2020","British Columbia","2016A000259","Both sexes","5 to 9 years","Persons","249","units","0","v469848","11.1.13","244206","","","","0"
"2020","British Columbia","2016A000259","Both sexes","10 to 14 years","Persons","249","units","0","v469866","11.1.19","249173","","","","0"
"2020","British Columbia","2016A000259","Both sexes","15 to 19 years","Persons","249","units","0","v469887","11.1.25","272195","","","","0"
"2020","British Columbia","2016A000259","Both sexes","20 to 24 years","Persons","249","units","0","v469908","11.1.31","340325","","","","0"
"2020","British Columbia","2016A000259","Both sexes","25 to 29 years","Persons","249","units","0","v469926","11.1.37","358457","","","","0"
"2020","British Columbia","2016A000259","Both sexes","30 to 34 years","Persons","249","units","0","v469947","11.1.43","376466","","","","0"
"2020","British Columbia","2016A000259","Both sexes","35 to 39 years","Persons","249","units","0","v469965","11.1.49","363871","","","","0"
"2020","British Columbia","2016A000259","Both sexes","40 to 44 years","Persons","249","units","0","v469986","11.1.55","323620","","","","0"
"2020","British Columbia","2016A000259","Both sexes","45 to 49 years","Persons","249","units","0","v470007","11.1.61","325674","","","","0"
"2020","British Columbia","2016A000259","Both sexes","50 to 54 years","Persons","249","units","0","v470025","11.1.67","343894","","","","0"
"2020","British Columbia","2016A000259","Both sexes","55 to 59 years","Persons","249","units","0","v470046","11.1.73","376848","","","","0"
"2020","British Columbia","2016A000259","Both sexes","60 to 64 years","Persons","249","units","0","v470064","11.1.79","360150","","","","0"
"2020","British Columbia","2016A000259","Both sexes","65 to 69 years","Persons","249","units","0","v470085","11.1.85","314021","","","","0"
"2020","British Columbia","2016A000259","Both sexes","70 to 74 years","Persons","249","units","0","v470088","11.1.86","262197","","","","0"
"2020","British Columbia","2016A000259","Both sexes","75 to 79 years","Persons","249","units","0","v470091","11.1.87","174377","","","","0"
"2020","British Columbia","2016A000259","Both sexes","80 to 84 years","Persons","249","units","0","v470094","11.1.88","115218","","","","0"
"2020","British Columbia","2016A000259","Both sexes","85 to 89 years","Persons","249","units","0","v470097","11.1.89","73205","","","","0"
"2020","British Columbia","2016A000259","Both sexes","90 to 94 years","Persons","249","units","0","v31226914","11.1.126","35355","","","","0"
"2020","British Columbia","2016A000259","Both sexes","95 to 99 years","Persons","249","units","0","v31226920","11.1.132","10613","","","","0"
"2020","British Columbia","2016A000259","Both sexes","100 years and over","Persons","249","units","0","v31226926","11.1.138","1950","","","","0"
"2020","British Columbia","2016A000259","Both sexes","Median age","Years","308","units","0","v469839","11.1.105","42.2","","","","1"
"2020","Yukon","2016A000260","Both sexes","All ages","Persons","249","units","0","v470133","12.1.1","42052","","","","0"
"2020","Yukon","2016A000260","Both sexes","0 to 4 years","Persons","249","units","0","v470349","12.1.7","2413","","","","0"
"2020","Yukon","2016A000260","Both sexes","5 to 9 years","Persons","249","units","0","v470163","12.1.13","2508","","","","0"
"2020","Yukon","2016A000260","Both sexes","10 to 14 years","Persons","249","units","0","v470181","12.1.19","2246","","","","0"
"2020","Yukon","2016A000260","Both sexes","15 to 19 years","Persons","249","units","0","v470202","12.1.25","2067","","","","0"
"2020","Yukon","2016A000260","Both sexes","20 to 24 years","Persons","249","units","0","v470223","12.1.31","2346","","","","0"
"2020","Yukon","2016A000260","Both sexes","25 to 29 years","Persons","249","units","0","v470241","12.1.37","2828","","","","0"
"2020","Yukon","2016A000260","Both sexes","30 to 34 years","Persons","249","units","0","v470262","12.1.43","3468","","","","0"
"2020","Yukon","2016A000260","Both sexes","35 to 39 years","Persons","249","units","0","v470280","12.1.49","3549","","","","0"
"2020","Yukon","2016A000260","Both sexes","40 to 44 years","Persons","249","units","0","v470301","12.1.55","3050","","","","0"
"2020","Yukon","2016A000260","Both sexes","45 to 49 years","Persons","249","units","0","v470322","12.1.61","2864","","","","0"
"2020","Yukon","2016A000260","Both sexes","50 to 54 years","Persons","249","units","0","v470340","12.1.67","2753","","","","0"
"2020","Yukon","2016A000260","Both sexes","55 to 59 years","Persons","249","units","0","v470361","12.1.73","3233","","","","0"
"2020","Yukon","2016A000260","Both sexes","60 to 64 years","Persons","249","units","0","v470379","12.1.79","3116","","","","0"
"2020","Yukon","2016A000260","Both sexes","65 to 69 years","Persons","249","units","0","v470400","12.1.85","2385","","","","0"
"2020","Yukon","2016A000260","Both sexes","70 to 74 years","Persons","249","units","0","v470403","12.1.86","1532","","","","0"
"2020","Yukon","2016A000260","Both sexes","75 to 79 years","Persons","249","units","0","v470406","12.1.87","862","","","","0"
"2020","Yukon","2016A000260","Both sexes","80 to 84 years","Persons","249","units","0","v470409","12.1.88","464","","","","0"
"2020","Yukon","2016A000260","Both sexes","85 to 89 years","Persons","249","units","0","v470412","12.1.89","246","","","","0"
"2020","Yukon","2016A000260","Both sexes","90 to 94 years","Persons","249","units","0","v31226953","12.1.126","84","","","","0"
"2020","Yukon","2016A000260","Both sexes","95 to 99 years","Persons","249","units","0","v31226959","12.1.132","31","","","","0"
"2020","Yukon","2016A000260","Both sexes","100 years and over","Persons","249","units","0","v31226965","12.1.138","7","","","","0"
"2020","Yukon","2016A000260","Both sexes","Median age","Years","308","units","0","v470154","12.1.105","39.4","","","","1"
"2020","Northwest Territories","2016A000261","Both sexes","All ages","Persons","249","units","0","v479937","14.1.1","45161","","","","0"
"2020","Northwest Territories","2016A000261","Both sexes","0 to 4 years","Persons","249","units","0","v480153","14.1.7","2963","","","","0"
"2020","Northwest Territories","2016A000261","Both sexes","5 to 9 years","Persons","249","units","0","v479967","14.1.13","3081","","","","0"
"2020","Northwest Territories","2016A000261","Both sexes","10 to 14 years","Persons","249","units","0","v479985","14.1.19","3010","","","","0"
"2020","Northwest Territories","2016A000261","Both sexes","15 to 19 years","Persons","249","units","0","v480006","14.1.25","2793","","","","0"
"2020","Northwest Territories","2016A000261","Both sexes","20 to 24 years","Persons","249","units","0","v480027","14.1.31","3028","","","","0"
"2020","Northwest Territories","2016A000261","Both sexes","25 to 29 years","Persons","249","units","0","v480045","14.1.37","3688","","","","0"
"2020","Northwest Territories","2016A000261","Both sexes","30 to 34 years","Persons","249","units","0","v480066","14.1.43","3705","","","","0"
"2020","Northwest Territories","2016A000261","Both sexes","35 to 39 years","Persons","249","units","0","v480084","14.1.49","3405","","","","0"
"2020","Northwest Territories","2016A000261","Both sexes","40 to 44 years","Persons","249","units","0","v480105","14.1.55","3348","","","","0"
"2020","Northwest Territories","2016A000261","Both sexes","45 to 49 years","Persons","249","units","0","v480126","14.1.61","2919","","","","0"
"2020","Northwest Territories","2016A000261","Both sexes","50 to 54 years","Persons","249","units","0","v480144","14.1.67","3238","","","","0"
"2020","Northwest Territories","2016A000261","Both sexes","55 to 59 years","Persons","249","units","0","v480165","14.1.73","3389","","","","0"
"2020","Northwest Territories","2016A000261","Both sexes","60 to 64 years","Persons","249","units","0","v480183","14.1.79","2619","","","","0"
"2020","Northwest Territories","2016A000261","Both sexes","65 to 69 years","Persons","249","units","0","v480204","14.1.85","1818","","","","0"
"2020","Northwest Territories","2016A000261","Both sexes","70 to 74 years","Persons","249","units","0","v480207","14.1.86","1048","","","","0"
"2020","Northwest Territories","2016A000261","Both sexes","75 to 79 years","Persons","249","units","0","v480210","14.1.87","603","","","","0"
"2020","Northwest Territories","2016A000261","Both sexes","80 to 84 years","Persons","249","units","0","v480213","14.1.88","293","","","","0"
"2020","Northwest Territories","2016A000261","Both sexes","85 to 89 years","Persons","249","units","0","v480216","14.1.89","133","","","","0"
"2020","Northwest Territories","2016A000261","Both sexes","90 to 94 years","Persons","249","units","0","v31227031","14.1.126","57","","","","0"
"2020","Northwest Territories","2016A000261","Both sexes","95 to 99 years","Persons","249","units","0","v31227037","14.1.132","21","","","","0"
"2020","Northwest Territories","2016A000261","Both sexes","100 years and over","Persons","249","units","0","v31227043","14.1.138","2","","","","0"
"2020","Northwest Territories","2016A000261","Both sexes","Median age","Years","308","units","0","v479958","14.1.105","35.5","","","","1"
"2020","Nunavut","2016A000262","Both sexes","All ages","Persons","249","units","0","v480252","15.1.1","39353","","","","0"
"2020","Nunavut","2016A000262","Both sexes","0 to 4 years","Persons","249","units","0","v480468","15.1.7","4196","","","","0"
"2020","Nunavut","2016A000262","Both sexes","5 to 9 years","Persons","249","units","0","v480282","15.1.13","4276","","","","0"
"2020","Nunavut","2016A000262","Both sexes","10 to 14 years","Persons","249","units","0","v480300","15.1.19","3987","","","","0"
"2020","Nunavut","2016A000262","Both sexes","15 to 19 years","Persons","249","units","0","v480321","15.1.25","3283","","","","0"
"2020","Nunavut","2016A000262","Both sexes","20 to 24 years","Persons","249","units","0","v480342","15.1.31","3173","","","","0"
"2020","Nunavut","2016A000262","Both sexes","25 to 29 years","Persons","249","units","0","v480360","15.1.37","3276","","","","0"
"2020","Nunavut","2016A000262","Both sexes","30 to 34 years","Persons","249","units","0","v480381","15.1.43","3179","","","","0"
"2020","Nunavut","2016A000262","Both sexes","35 to 39 years","Persons","249","units","0","v480399","15.1.49","2767","","","","0"
"2020","Nunavut","2016A000262","Both sexes","40 to 44 years","Persons","249","units","0","v480420","15.1.55","2334","","","","0"
"2020","Nunavut","2016A000262","Both sexes","45 to 49 years","Persons","249","units","0","v480441","15.1.61","2154","","","","0"
"2020","Nunavut","2016A000262","Both sexes","50 to 54 years","Persons","249","units","0","v480459","15.1.67","2277","","","","0"
"2020","Nunavut","2016A000262","Both sexes","55 to 59 years","Persons","249","units","0","v480480","15.1.73","1761","","","","0"
"2020","Nunavut","2016A000262","Both sexes","60 to 64 years","Persons","249","units","0","v480498","15.1.79","1119","","","","0"
"2020","Nunavut","2016A000262","Both sexes","65 to 69 years","Persons","249","units","0","v480519","15.1.85","698","","","","0"
"2020","Nunavut","2016A000262","Both sexes","70 to 74 years","Persons","249","units","0","v480522","15.1.86","459","","","","0"
"2020","Nunavut","2016A000262","Both sexes","75 to 79 years","Persons","249","units","0","v480525","15.1.87","235","","","","0"
"2020","Nunavut","2016A000262","Both sexes","80 to 84 years","Persons","249","units","0","v480528","15.1.88","114","","","","0"
"2020","Nunavut","2016A000262","Both sexes","85 to 89 years","Persons","249","units","0","v480531","15.1.89","41","","","","0"
"2020","Nunavut","2016A000262","Both sexes","90 to 94 years","Persons","249","units","0","v31227070","15.1.126","18","","","","0"
"2020","Nunavut","2016A000262","Both sexes","95 to 99 years","Persons","249","units","0","v31227076","15.1.132","3","","","","0"
"2020","Nunavut","2016A000262","Both sexes","100 years and over","Persons","249","units","0","v31227082","15.1.138","3","","","","0"
"2020","Nunavut","2016A000262","Both sexes","Median age","Years","308","units","0","v480273","15.1.105","26.2","","","","1"


